"","test"
"1","black leather jacket, white cami, black skinny jeans"
"2","white converses, blue skinny jeans, grey long top"
"3","black leather jacket, grey cami, grey scarf, black"
"4","skinny jeans"
"5","black converses, blue skinny jeans, thick black jumper"
"6","grey t-shirt / grey top, black skinny jeans, black ankle"
"7","boots"
"8","white cami, white blazer, blue skinny jeans, black flats"
"9","black ankle boots, blue skinny jeans, white / light"
"10","cami, black cardigan"
"11","blue skinny jeans, black flats, breton stripe t-shirt"
"12","black flats, white skinny jeans, long grey top"
"13","black leather jacket, grey / light scarf, green skinny"
"14","jeans ( purple ) black combat boots"
"15","black leather jacket, white cami, blue skinny jeans,"
"16","black converses"
"17","blue skinny jeans, red light scarf, white long jumper,"
"18","brown boots"
"19","black jumper, white / striped shirt, black skinny jeans,"
"20","black ankle boots"
"21","striped breton top, brown blazer, blue skinny jeans"
"22","breton striped top, black leather jacket, blue skinny"
"23","jeans, white converses"
"24","blue skinny jeans, blue cardigan, white cami, light"
"25","scarf, light converses"
"26","breton striped top, blue shorts"
"27","white long top / white cami, light / black flats, black"
"28","leather jacket, black skinny jeans / leggings"
"29","black leather jacket, black skinny jeans, grey scarf"
"30","Black dress, brown leather jacket, black tights, brown /"
"31","black ankle boots"
"32","white blouse, black skinny jeans, nude flats"
"33","black boots, green skinny jeans, white shirt, blue"
"34","blazer, colour scarf"
"35","light brown long jacket, black skinny jeans, black ankle"
"36","boots, grey / black cami"
"37","black skinny jeans, light flats, check shirt, green"
"38","jumper"
"39","white / grey t-shirt, black leggings, white converses,"
"40","black / white scarf"
"41","blue jeans, white shirt, black jumper, black leather jacket, grey scarf"
"42","blue skinny jeans, pale brown top / short sleeve jumper, brown sandals"
"43","green army jacket, white sundress"
"44","blue / black skinny jeans, breton stripe top, black flats"
"45","white t-shirt / cami, green jacket, blue skinny jeans, white converses"
"46","white sundress, black ankle boots"
"47","blue shirt, white skinny jeans, brown sandals"
"48","breton stripe t-shirt, white jeans, light flats"
"49","blue skinny jeans, white t-shirt"
"50","brown light flats, dark blue skinny jeans, white shirt"
"51","black t-shirt, black skinny jeans, black ankle boots"
"52","black leather jacket, blue skinny jeans, long grey top, black ankle boots, dark grey beanie"
"53","black leather jacket, black skinny jeans, dark grey cami"
"54","black leggings, white cami, black flats, blue shirt"
"55","black flats, black skinny jeans, yellow cardigan, white shirt"
"56","white cami, blazer, light brown trousers, pale light brown flats"
"57","blue check shirt, white t-shirt / cami, black skinny jeans, brown light scarf"
"58","black beanie, grey heavy scarf, maroon cami, white cami, black skinny jeans, black cardigan"
"59","yellow scarf, brown leather jacket, breton stripe top, blue skinny jeans, black flats"
"60","black flats, black skinny jeans, black blazer, colourful light scarf, grey cami / t-shirt"
"61","black leggings, black converses, white shirt, black jumper"
"62","black graphic t-shirt, black blazer, blue / black skinny jeans, black flats"
"63","black leather jacket, white t-shirt, black skinny jeans"
"64","grey jumper, white shirt, black skinny jeans, black ankle boots"
"65","blue skinny jeans, black flats, breton stripe t-shirt / top, blue blazer, blue light scarf"
"66","white t-shirt, blue denim shorts"
"67","white cami / t-shirt, black blazer, black skinny jeans"
"68","breton stripe top, white jeans, colourful scarf"
"69","black leather jacket, black cami, black skinny jeans, black boots"
"70","white cardigan, black cami, black jeans, black flats"
"71","grey cardigan, white cami / t-shirt, blue skinny jeans"
"72","brown beanie, green jacket, black leggings, brown walking boots, hiking wear"
"73","brown jacket, grey cami, blue skinny jeans, wellies, hiking wear"
"74","white shirt, blue denim shorts"
"75","breton stripe top, black leather jacket, black skinny jeans, black ankle boots"
"76","grey t-shirt, black leggings, white converses"
"77","white off-shoulder jumper, black shorts, black tights, black ankle boots"
"78","brown heavy scarf, white jumper, blue skinny jeans, brown boots"
"79","grey skinny jeans, brown combat boots, brown light scarf, light brown long sleeve top"
"80","black ankle boots, black tights, blue jeans, blue shirt, black cardigan"
"81","grey skinny jeans, white t-shirt"
"82","black converses, blue skinny jeans, grey jumper"
"83","black t-shirt, black skinny jeans, black converses"
"84","black skinny jeans, black combat boots, white short sleeve jumper"
"85","grey shirt, black skinny jeans, brown ankle boots, brown long coat"
"86","blue skinny jeans, brown fancy shoes, purple jumper, blue check shirt"
"87","black skinny jeans, black converses, grey droopy top, black cardigan"
"88","black denim shorts, black ankle boots, grey short sleeve jumper"
"89","green jacket, grey cami / t-shirt, black skinny jeans, brown boots"
"90","grey jumper, blue shirt, black skinny jeans, black ankle boots"
"91","black leather jacket, green cami, blue skinny jeans, black combat boots"
"92","grey cardigan, white t-shirt / cami, black denim shorts, black tights, black flats"
"93","blue light scarf, black short sleeve long top, black tights, black ankle boots"
"94","white cami, dark grey cami black skinny jeans, black ankle boots"
"95","black blazer, black cami, blue skinny jeans, black flats"
"96","black blazer, black t-shirt, blue skinny jeans, grey ankle boots"
"97","blue checker shirt, grey cami, black tights, grey heavy scarf"
"98","white dress, blue check shirt, black knee high socks"
"99","grey short sleeve jumper, black shorts, black knee high socks, black ankle boots"
"100","blue check shirt, long grey top, black knee high socks, black converses"
"101","pink off shoulder jumper, grey knee high socks"
"102","black knee high socks, black combat boots, grey jacket, red light scarf, black skirt"
"103","Breton stripe top, black heavy scarf,"
"104","black skirt, black knee high socks, black ankle boots, black beanie"
"105","grey skinny jeans, grey cami, black cardigan, black ankle boots"
"106","grey jumper, grey shirt, black skinny jeans, black converses, black heavy scarf, black beanie"
"107","white jumper, blue jeans, light coloured flats"
"108","black cardigan, white cami, pink light scarf, blue skinny jeans, black ankle boots"
"109","white shirt, grey jumper, black skinny jeans, black combat boots"
"110","white short sleeve jumper, black skinny jeans, black ankle boots"
"111","black skinny jeans, black flats, white t-shirt"
"112","black jeans, brown bomber jacket, black converses"
"113","blue skinny jeans, white cami, red hoodie, brown boots"
"114","grey skinny jeans, black flats, dark grey cami, grey hoodie"
"115","black jumper, white shirt, black shorts, black tights, black ankle boots"
"116","white / grey cami, black cardigan blue skinny jeans, black ankle boots"
"117","brown jumper white shirt, black skinny jeans, black ankle boots"
"118","breton stripe shirt, dark grey cardigan, blue jeans, light brown coloured flats"
"119","black jumper, white shirt, black skinny jeans, black blazer, black converses"
"120","grey t-shirt, green jacket, black combat boots, black denim shorts"
"121","green jacket, black heavy scarf, black skinny jeans, black ankle boots, white cami"
"122","grey cardigan, white heavy scarf, black cami, black skinny jeans, black ankle boots"
"123","grey top, white / black light scarf, purple skinny jeans, black ankle boots"
"124","purple skinny jeans, black boots, breton stripe top, black leather jacket"
"125","brown jumper, grey skinny jeans, black flats, blue check shirt"
"126","purple skinny jeans, black flats, black blazer, white t-shirt / cami"
"127","grey sweater, white shirt, black skinny"
"128","jeans, black ankle boots, light brown long coat, black beanie"
"129","black skinny jeans, light flats, grey short sleeve t-shirt / jumper"
"130","black leather jacket, black cami, blue skinny jeans, grey check heavy scarf, black beanie"
"131","black tights, black cami, black blazer, light blue shorts, black flats"
"132","black light scarf, black leather jacket, grey long top, black skinny jeans, black boots"
"133","blue shirt, black long coat, blue skinny jeans, black flats"
"134","breton stripe jumper, black denim shorts, black converses"
"135","white t-shirt, blue denim shorts, white converses"
"136","blue short sleeve jumper, blue skinny jeans, black sandals"
"137","white long off shoulder jumper, purple heavy scarf, black skinny jeans, purple boots"
"138","white cami, light flats, green jacket, blue skinny jeans"
"139","green shorts, white denim shorts, brown belt, brown sandals"
"140","white t-shirt, green jacket, blue denim shorts, white sandals"
"141","grey cami, grey skinny jeans, light sandals, light brown / cream long coat"
"142","black heavy scarf, grey long sleeve top, grey leggings"
"143","grey heavy scarf, white long jumper, blue skinny jeans, light white flats"
"144","dark green heavy scarf, grey cami, black leather jacket, black skinny jeans, red converses"
"145","black heavy scarf, black leather jacket,"
"146","breton stripe top, black skinny jeans, black ankle boots"
"147","grey long jumper, black leggings, black ankle boots"
"148","white cami, green jacket, black skinny jeans, brown ankle boots"
"149","brown ankle boots, light brown coat, blue shirt, blue tie, pale skirt"
"150","white skinny jeans, green / brown t-shirt, colourful light scarf, brown ankle boots"
"151","green jacket, black cami, purple skirt,"
"152","black tights, black combat boots   purple and white off shoulder jumper,"
"153","blue skinny jeans, black combat boots"
"154","dark green skinny jeans, black t-shirt, black ankle boots"
"155","brown boots, black skinny jeans, green cami, brown short sleeve jumper"
"156","blue shirt, white jumper, black skinny jeans, brown boots"
"157","blue shirt, light brown blazer, black skinny jeans, light flats"
"158","black skinny jeans, blue shirt, white cardigan, black flats, green heavy scarf"
"159","light grey cami, grey skinny jeans, black ankle boots / combat boots, black leather jacket"
"160","white t-shirt, red / blue check shirt, blue skinny jeans, brown hiking / walking boots"
"161","grey shirt, blue skinny jeans, brown sandals"
"162","white long jumper, white skirt, black knee high socks"
"163","blue skinny jeans, black t-shirt, black blazer"
"164","yellow beanie, black shorts, brown ankle boots, black tights, black / brown long coat"
"165","white long flowy top, blue skinny jeans, black / white converses"
"166","white shirt, light blue skinny jeans, black flats, breton stripe jumper"
"167","grey / pink hoodie, black shorts"
"168","light flats, blue skinny jeans"
"169","grey top, blue blazer, white skinny jeans, grey flats"
"170","black short sleeve jumper, black skinny jeans, black flats"
"171","black leather jacket, black skinny jeans, black ankle boots, white cami / t-shirt"
"172","brown leather bomber jacket, light grey cami, light brown shorts"
"173","brown heavy scarf, grey long jumper, black tights, black shorts, black ankle boots"
"174","black jumper, white shirt, blue skinny jeans, black ankle boots"
"175","coral cami, black blazer, blue skinny jeans, black flats"
"176","grey jumper / hoodie"
"177","black leather jacket, white cami, black skinny jeans"
"178","black leather jacket, black cami, black skinny jeans"
"179","black hoodie / jacket"
"180","grey cami, black cami, red check shirt, black knee high socks"
"181","grey long top"
"182","grey / bright blue hoodie"
"183","grey long hoodie"
"184","black tights, long black boots, black coat, black heavy scarf"
"185","black jumper, white shirt, black skinny jeans, black long boots"
"186","black cami, green shorts, black flats"
"187","white t-shirt, dark blue skinny jeans, light flats"
"188","black leather jacket, grey cami / grey jumper, black / green converses, blue skinny jeans"
"189","blue skinny jeans, brown ankle boots, red jumper, light brown long coat"
"190","black leather jacket, blue skinny jeans, blue shirt, brown jumper"
"191","white / light grey cami, red / purple skinny jeans, black leather jeans, black flats"
"192","black skinny jeans, black converses, grey t-shirt"
"193","white / grey t-shirt, black skinny jeans, black sandals / flats"
"194","white off shoulder jumper, blue denim shorts, white converses"
"195","brown ankle boots, blue skinny jeans, light brown short sleeve jumper (or push up sleeves)"
"196","black leather jacket, dark purple cami, black skinny jeans, black ankle boots"
"197","black leather jacket, black skinny jeans, heavy black scarf, white cami, black combat boots"
"198","scarf, grey heavy beanie, black leggings / skinny jeans, black ankle"
"199","boots"
"200","black beanie, orange / brown heavy"
"201","scarf, brown long coat, blue skinny jeans, brown / black combat boots"
"202","black combat boots, blue skinny jeans, grey long drape top"
"203","purple / white stripe top, black heavy scarf, long brown coat, black leggings, black ankle boots"
"204","brown combat boots, brown check shirt, blue skinny jeans"
"205","brown jacket, white shirt, black skinny jeans, brown ankle boots"
"206","black skinny jeans, black combat boots, grey short sleeve jacket, white t-shirt"
"207","dark green long jumper, red heavy scarf, blue skinny jeans, brown ankle boots"
"208","black combat boots"
"209","black combat boots"
"210","grey long top, black cami, black leather jacket, black skinny jeans, black flats"
"211","grey t-shirt, black skinny jeans, brown ankle boots"
"212","green jumper, blue / white shirt, black ankle boots, black leggings / shiny skinny jeans"
"213","light brown jumper, blue skinny jeans, light flats, white flowy top"
"214","yellow long coat, white t-shirt, blue skinny jeans, light flats"
"215","long grey jumper"
"216","black blazer, black cami, black skinny jeans, black boots"
"217","green short sleeve shirt, black cami, black skinny jeans, black combat boots"
"218","dark grey cardigan, white cami, blue skinny jeans"
"219","black beanie, white printed t-shirt,"
"220","black skinny jeans / leggings, blank ankle boots, light brown cardigan"
"221","black cami, black skinny jeans, black ankle boots, black cardigan"
"222","green jacket, white / light grey cami, black skinny jeans, black long boots"
"223","black jumper, grey shirt, black skinny jeans, black flats"
"224","green jacket, white t-shirt, black skinny jeans, black ankle boots"
"225","purple heavy scarf, black leather"
"226","jacket, black skinny jeans / shiny, black ankle boots, black jumper"
"227","light brown long coat, blue skinny jeans, black ankle boots"
"228","light brown jumper, light cream / brown long coat, brown / black skinny jeans, black flats"
"229","white jumper, black shirt, black skinny jeans, black ankle boots"
"230","black blazer, white t-shirt / cami, black leggings, brown fancy shoes"
"231","white cami, grey cami, black blazer / hoodie, black skinny jeans, black ankle boots"
"232","black cami, light brown / cream off"
"233","shoulder jumper, black shorts, black tights, black knee high socks,"
"234","black ankle boots"
"235","white / cream off shoulder jumper, pink shorts, black tights, black flats"
"236","blue shorts, black tights, brown sandals, black hoodie / coat"
"237","long brown coat, black tights, white cami, black flats"
"238","grey heavy scarf, orange off shoulder"
"239","jumper, red shorts, black tights, black converses / combat boots"
"240","black leather jacket, black shorts, black tights, brown long boots, green / orange jumper"
"241","white knee high socks, blue denim shorts, black check shirt, red hoodie, white flats"
"242","black leggings, brown sandals, long white marked top"
"243","blue blazer, white cami"
"244","yellow short sleeve top, black skinny jeans, black long boots"
"245","blue blazer, light blue / white shirt, blue jeans, brown fancy shoes"
"246","black short coat, black skinny jeans, grey heavy scarf, black flats"
"247","black / white checked shirt, grey cami, blue denim jeans, black ankle boots / combat boots"
"248","long green coat, black skinny jeans, black combat boots"
"249","green skinny jeans, grey light scarf, black leather jacket, black cami, black combat boots"
"250","black / white check shirt, blue skinny jeans, brown ankle boots, white t-shirt"
"251","purple heavy scarf, black blazer, dark blue cami, blue skinny jeans"
"252","blue short sleeve jumper, black sandals, blue skinny jeans"
"253","white / black heavy scarf, grey cardigan, black shiny skinny jeans, black long boots, white cami"
"254","black leather jacket, red check shirt, black skinny jeans, black ankle boots"
"255","light brown heavy scarf, black long coat, black leggings, black ankle boots"
"256","blue skinny jeans, black leather jacket, white jumper, red light scarf, brown walking boots"
"257","green / grey jacket, red heavy scarf, black cami, blue skinny jeans, brown short boots"
"258","black leather jacket, black skinny jeans, black combat boots, black cami"
"259","colourful light scarf, blue skinny jeans, white converses, white short sleeve top"
"260","black leather jacket, blue denim shorts, black converses, grey / white cami"
"261","white check shirt, black cami, blue denim shorts"
"262","white t-shirt / cami, black leather jacket, grey skinny jeans, black combat / ankle boots"
"263","white long sleeve top / jumper, black skinny jeans, light brown flats, light brown heavy scarf"
"264","green jacket, white t-shirt / jumper, white heavy scarf, black skinny jeans, brown ankle boots"
"265","white long jumper, black cami, black skinny jeans"
"266","breton stripe top, grey heavy scarf, blue skinny jeans, brown ankle boots"
"267","white long sleeve long top, green light scarf, black skinny jeans / leggings, brown long boots"
"268","pink long sleeve jumper, white shorts"
"269","black skinny jeans / shiny, black ankle"
"270","boots, grey cami / jumper, black blazer / jacket, grey beanie"
"271","grey short sleeve top, black skinny jeans"
"272","black ankle boots, grey skinny jeans, black leather jacket, black light scarf"
"273","blue shirt, red jumper, black skinny jeans, light brown flats"
